Branch,Gender,MCA Aggregate Percentage,MCA Aggregate CGPA,CURRENT ARREARS,HISTORY OF ARREARS,Under Graduation %,Under Graduation CGPA,12th %,12th CGPA,10th %,10th CGPA,Placement_Status
INT-MCA,M,69.6,6.96,0,2,68.4,6.84,70.25,7.03,82.2,8.22,0
INT-MCA,F,74.43,7.44,0,0,73.78,7.37,73.8,7.8,79.8,8.4,1
INT-MCA,M,71.42,7.14,0,0,70.5,7.05,77.8,7.7,93.1,9.8,1
INT-MCA,F,62.6,6.26,1,4,60,6,70.4,7.4,80,8,0
INT-MCA,F,83.4,8.34,0,0,82.8,8.28,83.66,8.3,77.9,8.2,0
INT-MCA,F,75.6,7.56,0,0,75,75,74.58,7.46,87.77,8.77,0
INT-MCA,F,69.2,6.92,0,0,67.9,6.79,71,7.1,79,7.9,0
INT-MCA,F,74.1,7.41,0,0,73.2,7.32,64.2,6.8,87.4,9.2,1
INT-MCA,F,60.9,6.09,1,4,61.82,6.1,70,7,67,7,0
INT-MCA,F,71.9,7.19,0,0,70.3,7.03,73.25,7.32,68.88,6.88,1
INT-MCA,F,71.6,7.16,0,1,71.06,7.1,76.08,7.61,81.11,8.11,1
INT-MCA,F,65.8,6.58,0,1,65.3,6.53,68.83,6.8,76.66,7.6,1
INT-MCA,M,58,5.8,3,7,67.8,7.13,69.75,6.9,72.2,7.6,0
INT-MCA,F,73.9,7.39,0,0,73.5,7.35,73.66,7.37,82,8.2,0
INT-MCA,F,79.62,7.96,0,0,78.86,7.88,73.2,7.7,85.5,9,0
INT-MCA,M,66.5,6.65,1,3,66.65,6.66,81.7,8.6,89.3,9.4,0
INT-MCA,F,59,5.9,1,6,58.1,5.81,69.33,6.9,64.89,6.4,0
INT-MCA,M,63,6.3,0,3,62,6.2,71,7.1,77.7,7.7,1
INT-MCA,F,79.5,7.95,0,0,78.9,7.89,90.58,9.06,93.33,9.33,1
INT-MCA,M,61,6.1,3,4,76.5,7.65,67.8,7.1,83.6,8.8,1
INT-MCA,F,75.86,7.58,0,0,75.86,7.58,84.42,8.44,95.55,9.55,0
INT-MCA,M,71.39,7.13,0,1,70.6,7.06,73.59,7.51,84.28,8.6,1
INT-MCA,F,81.3,8.13,0,0,81.4,8.14,95.4,9.5,98.88,9.8,0
INT-MCA,F,63.3,6.33,0,2,62.3,6.23,78.25,7.8,86.6,8.6,0
INT-MCA,F,67,6.7,0,1,66,6.6,70.75,7.07,76.66,7.66,0
INT-MCA,M,62.2,6.22,0,2,60.5,6.05,70.8,7.5,79.8,8.4,1
INT-MCA,F,61.7,6.17,0,3,61,6.1,72.75,7.27,83.33,8.3,0
INT-MCA,F,86,8.6,0,0,85.2,8.52,91,9.57,95,10,1
INT-MCA,F,80.2,8.02,0,0,79,7.9,84,8.4,96.66,9.6,0
INT-MCA,F,63.4,6.34,0,1,63.1,6.31,77.83,7.78,94.44,9.4,1
INT-MCA,M,64,6.4,1,1,64,6.4,65.4,6.9,79.8,8.4,0
INT-MCA,M,57.3,5.73,3,6,60,6,65.5,6.9,62.7,6.6,0
INT-MCA,M,74.7,7.82,0,0,72,7.2,76.83,7.6,97.77,9.7,0
INT-MCA,F,59.41,5.9,2,4,59,59.41,64.5,6.79,76,8,0
INT-MCA,F,69.6,6.96,0,3,69.9,6.99,76.2,8.02,87.4,9.2,1
INT-MCA,M,65.7,6.57,0,0,65,6.5,78.5,7.85,91.3,9.13,1
INT-MCA,F,79.16,7.9,0,0,78.8,7.88,82.25,8.2,81.11,8.1,0
INT-MCA,M,75.1,7.51,0,1,74.8,7.48,68.4,7.2,83.6,8.8,1
INT-MCA,F,67,6.7,0,0,66.3,6.63,78.16,7.81,76.66,7.66,0
INT-MCA,F,76.1,7.61,0,0,75.9,7.59,83.41,8.34,83.6,8.8,1
INT-MCA,F,72.1,7.21,0,0,71.5,7.15,75.83,7.5,80,8,1
INT-MCA,F,83.1,8.31,0,0,82.8,8.28,84.25,8.42,94.44,9.44,1
INT-MCA,M,73.1,7.31,0,0,73.62,7.12,69.8,6.9,81,8.1,1
INT-MCA,F,83.8,8.38,0,0,83.7,8.37,87,8.7,91,9.1,0
INT-MCA,F,74,7.4,0,1,72.87,7.28,77.41,7.74,85.55,8.55,0
INT-MCA,M,76.9,7.69,0,0,76.7,7.67,73,7.68,72.2,7.6,0
INT-MCA,F,65.3,6.53,0,3,65.2,6.52,76,7.6,93,9.3,1
MCA,M,44,4.75,2,0,66,6.6,59,6,90,9,1
MCA,M,70.75,7.45,0,0,70.95,7.47,75.6,7.56,80,8,1
MCA,M,53.8,5.73,1,0,63,6.3,70.3,7.4,68,6.8,1
MCA,F,60.45,6.45,1,3,60,6.07,68.6,7.2,82,8.6,0
MCA,F,69.5,7.32,0,0,66.8,7.03,64.4,6.8,77.9,8.2,1
MCA,F,67.25,7.1,0,0,63.5,6.35,65.4,6.5,78,7.8,0
MCA,F,73.75,7.75,0,0,68.9,7.26,76.91,7.69,87,8.7,1
MCA,F,36.55,4.05,2,2,60,6.13,64.9,6.8,74,7.78,0
MCA,F,73.75,7.75,0,0,72,7,78,78.4,76,76,0
MCA,F,73.75,7.75,0,0,73.57,7.35,71.08,7.1,83,8.3,0
MCA,F,62.35,6.61,0,0,66.33,7.09,73.67,7.6,76,7.6,0
MCA,M,67.65,7.09,0,0,70.89,7.41,83,8.3,90,9,0
MCA,F,67.25,7.1,0,0,67.86,7.28,66.2,6.96,77.9,8.2,0
MCA,F,80,8,0,0,80.3,8.03,90.5,9.05,80.16,8.01,1
MCA,M,69.85,7.36,0,0,74.72,7.77,88.58,8.8,94.44,9.4,1
MCA,M,66.75,7.05,0,0,65.8,6.58,64.6,6.8,72.2,7.6,0
MCA,M,72.15,7.59,0,0,70.75,7.4,79.1,8.3,95.6,10,0
MCA,F,70.6,7.41,0,2,73.53,7.74,72.2,7.6,77.9,8.2,0
MCA,F,74.45,7.82,0,0,78.24,7.82,85.25,8.52,91,9.1,0
MCA,F,72.4,7.59,0,0,77,7.77,7,8.1,85,8.94,0
MCA,F,70.6,7.41,0,0,85,8.89,76,7.6,84,8.4,1
MCA,F,71.5,7.5,0,0,63.73,6.3,64.33,6.4,63.32,6.3,0
MCA,F,74.29,7.77,0,0,71.7,7.5,91.25,9.6,97.7,10,0
MCA,F,60,6.45,0,1,53.13,5.75,68.08,7.16,73.3,7.71,1
MCA,F,71.3,7.48,0,1,69,7.26,79.8,8.4,74.1,7.8,0
MCA,F,73.5,7.73,0,0,76,8.1,68.4,7.2,72.5,7.6,1
MCA,F,69.1,7.26,0,0,60,6.25,66,6.3,75.5,7.94,1
MCA,M,42,4.55,2,0,67.2,7.07,77.41,8.14,68.4,7.2,0
MCA,F,75.35,7.91,0,0,70.8,7.16,77,8.1,88,8.8,1
MCA,F,40.75,4.45,2,0,64.5,6.78,76.8,7.68,75,7.5,1
MCA,F,71.45,7.52,0,0,74,7.49,80.8,8,93.3,9.3,1
MCA,M,61.5,6.5,0,0,56.1,5.9,81.7,8.6,76,8.1,1
MCA,M,69.2,7.27,0,0,71.8,7.49,81.83,8.6,93.3,9.3,0
MCA,F,77.15,8.09,0,0,87.75,9.13,86.16,8.62,97.77,8.8,0
MCA,M,67.5,7.11,0,0,67.38,7.11,82.58,8,83,8,0
MCA,M,60.15,6.39,0,0,64.54,6.26,82.67,8.2,82.2,8.4,0
MCA,F,73.55,7.73,0,0,72.1,7.71,78,8.21,94,9.89,1
MCA,F,65.3,6.86,0,0,78,8.22,74,7.8,90,9.5,0
MCA,F,64.3,6.77,0,0,60,6.08,66,6.9,79,8.3,1
MCA,F,79.5,7.57,0,0,76.25,7.63,88.08,8.8,94,9.4,1
MCA,F,62.35,6.61,0,0,61,6.43,64,6.4,82,8.2,1
MCA,F,56.95,6.07,1,1,71.7,7.55,80.41,8.46,79,8.31,1
MCA,F,64.79,6.82,0,0,72.55,7.63,90.16,8.56,97,9.22,1
MCA,F,73.9,7.39,0,0,63,6.31,73,7.3,75,7.5,0
MCA,F,72.3,7.23,0,0,65.9,6.59,74.25,7.42,87,8.7,0
MCA,F,67.9,7.14,0,1,73.69,7.73,75.12,7.5,79,7.4,0
MCA,F,75.75,7.95,0,0,68.81,6.88,71.6,7.17,85.5,8.56,1
MCA,F,28.5,3.2,3,3,63.02,6.3,75.83,8,81,8.5,0
MCA,F,70.5,7.4,0,0,61,6.1,63,6.6,82,8.6,1
MCA,F,62.7,6.62,0,1,61,6.4,70,7.4,73,7.7,0
MCA,M,47.15,5.14,1,1,70,7,70,6.4,88,8.2,1
MCA,F,72.15,7.59,0,0,70.6,7.61,75.6,7.95,71,7.47,0
MCA,F,78.6,8.21,0,0,84.2,8.42,86,8.6,86,8.6,0
MCA,F,64.3,6.81,0,0,66.9,6.69,69.83,6.9,87.7,8.7,0
MCA,F,72.15,7.59,0,0,75.35,7.58,77.33,7.73,88.88,8,0
MCA,M,54.7,5.82,1,1,60.8,2.58,73.25,7.7,84,8.84,0
MCA,F,79.85,8.36,0,0,82.04,8.2,82,8.2,96.66,9.6,1
MCA,F,73.4,7.34,0,0,69,6.89,85,8.43,94,9,1
MCA,F,64,6.64,0,1,65.38,6.98,70.1,7,78,7,1
MCA,F,18.3,2.18,4,4,75.39,7.54,83.58,8.36,98.8,9.8,0
MCA,F,80.35,8.41,0,0,73.85,7.76,73,7.7,86,9.1,0
MCA,F,48,5.2,1,1,59.1,6.22,80,8.4,85,8.9,0
MCA,F,51.7,5.52,1,0,65,6.96,78.58,7.5,80,8,1
MCA,F,73.5,7.75,0,0,74.95,7.49,80,8,94,8.6,0
MCA,M,40.35,4.41,2,2,68,7.15,74.4,7.4,97,9,1
MCA,F,61.5,6.55,3,8,66.2,6.62,70.37,7.04,72.22,7.22,0
MCA,F,74.2,7.42,0,1,61.1,6.1,68.33,6.8,87,8.7,1
MCA,F,56.08,6.3,2,8,61.7,6.17,75,7.5,72,7.2,1
MCA,F,73.65,7.74,0,0,61.6,6.16,59.67,5.96,77,7.7,1
MCA,F,60,6.31,1,4,60,2.41,61,6.1,73,7.3,0
MCA,M,65.5,6.9,2,5,50,2,70,7,80,8,0
MCA,F,72.55,7.63,0,0,72.4,7.2,74,7.4,97.7,9.8,0
MCA,F,73.6,7.36,0,1,75,7.5,60.8,6,88,8.8,0
MCA,F,79.25,8.3,0,0,84.16,8.93,92.08,9.69,96,9.8,1
MCA,F,79.2,8.39,0,0,77.59,7.76,84,8.4,9,9,0
MCA,F,71.05,7.48,0,0,70.5,7.42,80.33,8,92,9.2,1
MCA,F,71.75,7.55,0,0,77.3,7.73,77.66,8.2,92,9.2,0
MCA,M,68.05,7.18,0,0,66.7,6.67,86.08,8.6,87.78,8.7,1
MCA,M,57.25,6.1,2,3,70,7.01,83.75,8.37,80,8,1
MCA,F,62,6.2,1,1,60,6,65,6.5,75,7.5,1
MCA,F,73.65,7.74,0,0,81.1,8.11,91.16,9.11,88,8.8,1
MCA,F,73.9,7.39,0,0,63,6.31,73,7.3,75,7.5,1
MCA,F,75.35,7.91,0,0,79.8,8.4,81.5,8.57,98,9.7,0
MCA,F,69,6.97,0,1,75,2.55,65,6.5,65,6.5,0
MCA,F,83.65,8.74,0,0,87.15,9.21,79.4,8.36,89.3,9.4,0
MCA,F,63.05,6.68,0,0,71.02,7.47,77.31,8.13,81.11,8.53,0
MCA,M,23.5,2,2,2,66,6.69,75.41,7.5,72.22,7.2,0
MCA,F,70.65,7.44,0,0,65.47,6.54,75.75,7.57,91.1,9.1,0
CIVIL,M,0,0,0,3,73.95,7.77,79.8,7.98,96,9.6,0
CSE,M,0,0,0,0,66.65,7.04,79.3,7.93,83.6,8.36,1
CSE,M,0,0,0,0,80.75,8.45,85.5,8.55,90,9,0
CSE,M,0,0,0,0,80.95,8.47,93,9.3,92,9.2,0
CSE,F,0,0,0,0,76.45,8.02,92,9.2,85.5,8.55,1
CSE,F,0,0,0,2,68.95,7.27,82,8.2,88,8.8,0
CSE,M,0,0,0,0,75.95,7.97,8.8,0.88,95,10,1
CSE,F,0,0,0,1,71.45,7.52,79.6,7.96,88.83,8.88,0
CSE,M,0,0,6,10,67.25,7.1,81,8.1,98,9.8,1
CSE,M,0,0,1,3,61.25,6.5,71,7.1,78,7.8,1
CSE,M,0,0,0,0,77.95,8.17,80,8,86.3,8.63,1
CSE,M,0,0,2,5,63.05,6.68,66,6.6,68,6.8,0
CSE,F,0,0,0,1,72.75,7.65,83,8.3,89,8.9,1
CSE,F,0,0,0,0,71.05,7.48,79.6,7.96,96,9.6,1
CSE,F,0,0,0,0,74.25,7.8,85,8.5,96,9.6,0
CSE,F,0,0,0,0,77.35,8.11,92,9.2,96,9.6,1
CSE,F,0,0,0,0,80.65,8.44,91.92,9.19,100,10,0
CSE,F,0,0,0,0,74.45,7.82,92.88,9.29,100,10,0
CSE,F,0,0,0,0,77.25,8.1,79.4,7.94,87.4,8.74,0
CSE,F,0,0,0,1,82.95,8.67,83.8,8.38,95,9.5,0
CSE,F,0,0,0,0,81.05,8.48,95,9.5,100,10,0
CSE,F,0,0,0,1,66.85,7.06,88,8.8,94,9.4,0
CSE,M,0,0,0,2,66.85,7.06,75,7.5,86,8.6,1
CSE,F,0,0,0,0,72.05,7.58,83,8.3,92,9.2,0
CSE,F,0,0,0,0,72.25,7.6,78,7.8,88,8.8,0
CSE,M,0,0,2,7,62.95,6.67,73,7.3,91.2,9.6,0
CSE,M,0,0,0,0,77.25,8.1,87.3,8.73,92,9.2,1
CSE,F,0,0,0,0,83.65,8.74,93.4,9.34,95,10,0
CSE,F,0,0,0,0,80.55,8.43,90,9,100,10,1
CSE,F,0,0,0,0,80.65,8.44,95.25,9.53,98.88,9.89,0
CSE,F,0,0,0,4,67.15,7.09,85,8.5,91.11,9.11,1
CSE,M,0,0,0,0,76.05,7.98,85,8.5,94,9.4,0
CSE,F,0,0,1,5,62.65,6.64,73,7.3,83,8.3,1
CSE,F,0,0,0,0,78.25,8.2,82.8,8.28,95,10,0
CSE,M,0,0,0,3,63.85,6.76,84.4,8.44,82,8.2,1
CSE,F,0,0,0,2,66.25,7,79,7.9,84,8.4,0
CSE,M,0,0,0,1,68.75,7.25,87,8.7,95,9.5,0
CSE,F,0,0,0,3,66.25,7,89,8.9,91,9.1,0
CSE,M,0,0,1,3,61.25,6.5,77,7.7,84,8.4,0
CSE,M,0,0,3,2,55.65,5.94,7.75,0.78,90,9,0
CSE,M,0,0,0,1,68.25,7.2,80,8,90,9,1
CSE,M,0,0,0,2,70.65,7.44,78,7.8,86,8.6,0
CSE,F,0,0,0,0,69.95,7.37,84,8.4,88,8.8,1
CSE,M,0,0,5,9,63.15,6.69,91.5,9.15,97,9.7,1
CSE,M,0,0,3,8,59.25,6.3,79,7.9,81,8.1,1
CSE,M,0,0,0,0,80.25,8.4,81.4,8.14,90,9,0
CSE,F,0,0,0,0,73.95,7.77,88.6,8.86,100,10,1
CSE,F,0,0,0,0,79.75,8.35,89,8.9,87,8.7,0
CSE,F,0,0,0,0,80.25,8.4,94,9.4,90,9,0
CSE,M,0,0,1,0,66.25,7,91,9.1,100,10,0
CSE,F,0,0,0,0,80.65,8.44,87.6,8.76,89.3,9.4,0
CSE,F,0,0,0,3,67.45,7.12,82,8.2,89.3,9.4,1
CSE,F,0,0,0,0,79.55,8.33,80,8,90,9,0
CSE,F,0,0,0,0,70.65,7.44,92,9.2,92,9.2,1
CSE,F,0,0,0,2,68.25,7.2,77.2,7.72,82,8.2,1
CSE,F,0,0,1,4,65.25,6.9,80.4,8.04,68.84,7.2,1
CSE,F,0,0,0,0,82.95,8.67,97,9.7,98,10,0
CSE,F,0,0,0,0,76.15,7.99,86,8.6,88,9.2,1
CSE,F,0,0,0,2,68.35,7.21,78.8,7.88,81.5,8.6,1
CSE,F,0,0,0,0,80.65,8.44,85.6,8.56,95,10,0
CSE,F,0,0,0,0,77.25,8.1,88,8.8,82,8.2,0
CSE,M,0,0,3,8,62.85,6.66,82.4,8.24,88,8.8,0
CSE,M,0,0,0,4,67.35,7.11,89,8.9,84,8.4,0
CSE,F,0,0,0,3,70.25,7.4,85.5,8.55,98,9.8,1
CSE,M,0,0,0,2,66.75,7.05,84,8.4,92,9.2,1
CSE,F,0,0,0,0,81.25,8.5,86.6,8.66,98,9.8,1
CSE,M,0,0,0,3,68.65,7.24,79,7.9,85,8.5,0
CSE,F,0,0,0,0,75.75,7.95,84,8.4,95.06,9.51,1
CSE,F,0,0,0,,80.95,8.47,94,9.4,95,9.5,0
CSE,F,0,0,0,0,87.65,9.14,89.8,8.98,95.5,9.55,1
CSE,F,0,0,0,0,86.25,9,88,8.8,96,9.6,0
CSE,F,0,0,0,0,82.25,8.6,89.2,8.92,96,9.6,1
CSE,F,0,0,0,1,73.85,7.76,84.4,8.44,91.2,9.12,0
CSE,F,0,0,0,0,85.15,8.89,93,9.3,80,8,0
CSE,F,0,0,0,1,77.25,8.1,93,9.3,96,9.6,1
CSE,M,0,0,0,0,80.75,8.45,96,9.6,100,10,1
CSE,M,0,0,1,6,68.05,7.18,86.5,8.65,79,7.9,1
CSE,F,0,0,0,3,66.15,6.99,82,8.2,77,7.7,0
CSE,M,0,0,7,16,61.85,6.56,80,8,85,8.5,1
CSE,F,0,0,0,0,82.25,8.6,90,9,95,10,1
CSE,M,0,0,0,2,76.75,8.05,75.2,7.52,83.6,8.8,1
CSE,M,0,0,2,7,58.25,6.2,85,8.5,90,9.4,0
CSE,F,0,0,0,3,66.25,7,83,8.3,81.7,8.6,0
CSE,F,0,0,0,0,75.45,7.92,78,7.8,81.7,8.6,0
CSE,F,0,0,0,0,86.25,9,78,7.8,90,9.3,1
CSE,F,0,0,0,0,80.25,8.4,75,7.5,93,9.8,0
CSE,F,0,0,0,0,75.05,7.88,83.6,8.36,93,9.8,1
CSE,F,0,0,0,1,78.25,8.2,80,8,94,9.4,1
CSE,M,0,0,0,1,78.25,8.2,94.75,9.48,98,9.8,0
CSE,M,0,0,16,16,36.25,4,75,7.5,90,9,0
ECE,M,0,0,0,5,64.75,6.85,81,8.1,94,9.4,0
ECE,F,0,0,1,1,59.25,6.3,87,8.7,72,7.2,0
ECE,M,0,0,0,3,71.15,7.49,81,8.1,98,9.8,1
ECE,F,0,0,0,0,80.25,8.4,94,9.4,94,9.4,0
ECE,M,0,0,1,3,69.15,7.29,92.7,9.27,80,8,1
ECE,F,0,0,0,0,74.75,7.85,96,9.6,90,9,0
ECE,F,0,0,0,2,74.65,7.84,80,8,86,8.6,1
ECE,M,0,0,0,1,65.45,6.92,79,7.9,98,9.8,0
ECE,F,0,0,1,,69.25,7.3,90,9,95,9.5,0
ECE,M,0,0,3,6,61.55,6.53,72,7.2,90,9,0
ECE,M,0,0,0,1,74.15,7.79,92,9.2,100,10,0
ECE,F,0,0,0,0,78.75,8.25,73.4,7.34,88,8.8,1
ECE,F,0,0,0,0,78.15,8.19,84.4,8.44,94,9.4,0
ECE,F,0,0,0,2,76.25,8,86,8.6,95,9.5,1
ECE,F,0,0,0,0,76.25,8,88,8.8,94,9.4,0
ECE,F,0,0,0,0,83.65,8.74,92.6,9.26,95,10,1
ECE,F,0,0,0,0,75.25,7.9,83.4,8.34,92,9.2,0
ECE,F,0,0,0,1,68.65,7.24,70,7,78,8.3,1
ECE,F,0,0,0,0,76.25,8,72,7.2,86,8.6,1
ECE,F,0,0,0,0,87.35,9.11,90.5,9.05,100,10,1
ECE,F,0,0,0,0,71.45,7.52,79.6,7.96,85.5,9,0
ECE,M,0,0,0,6,67.65,7.14,78,7.8,92,9.2,1
ECE,M,0,0,2,8,63.05,6.68,85,8.5,92,9.2,0
ECE,M,0,0,0,7,64.55,6.83,91,9.1,84,8.4,0
ECE,F,0,0,0,0,81.85,8.56,88.6,8.86,98,10,0
ECE,F,0,0,0,0,81.25,8.5,92,9.2,89,8.9,1
ECE,F,0,0,0,5,69.55,7.33,80.5,8.05,100,10,0
ECE,F,0,0,0,5,67.55,7.13,85.33,8.53,82,8.2,0
ECE,F,0,0,0,0,82.55,8.63,88,8.8,96,9.6,1
ECE,M,0,0,1,2,62.25,6.6,75,7.5,94.5,9.45,1
ECE,F,0,0,0,0,81.93,8.57,83.4,8.34,98,9.8,1
ECE,M,0,0,9,13,38.15,4.19,73,7.3,81,8.1,0
ECE,M,0,0,0,0,76.55,8.03,79,7.9,90,9,1
ECE,F,0,0,0,0,78.75,8.25,89,8.9,95,9.5,0
ECE,F,0,0,1,1,68.45,7.22,78,7.8,72,7.2,1
ECE,M,0,0,9,,44.35,4.81,71,7.1,81.7,8.17,1
ECE,M,0,0,15,19,34.55,3.83,68,6.8,74,7.4,0
ECE,M,0,0,0,1,69.45,7.32,93,9.3,100,10,0
ECE,M,0,0,0,7,65.15,6.89,80,8,82,8.2,1
ECE,F,0,0,0,1,77.25,8.1,87.92,8.79,87,8.7,1
ECE,F,0,0,0,1,77.55,8.13,91,9.1,86,8.6,0
ECE,F,0,0,0,0,72.75,7.65,86,8.6,92,9.2,1
ECE,M,0,0,2,9,57.15,6.09,89,8.9,90,9,0
ECE,F,0,0,0,2,65.05,6.88,66.4,6.64,86,8.6,0
ECE,F,0,0,0,2,70.85,7.46,87,8.7,100,10,1
ECE,F,0,0,0,0,84.35,8.81,87,8.7,96,9.6,0
ECE,M,0,0,0,0,70.65,7.44,87,8.7,90,9,1
ECE,F,0,0,0,0,70.35,7.41,76,7.6,92,9.2,1
ECE,F,0,0,0,0,76.45,8.02,85.2,8.52,91.2,9.12,1
ECE,M,0,0,0,0,72.65,7.64,78.3,7.83,94,9.4,0
ECE,F,0,0,0,0,81.65,8.54,90,9,93.1,9.8,0
ECE,M,0,0,1,6,62.15,6.59,84,8.4,78,7.8,0
ECE,F,0,0,0,0,84.95,8.87,89.8,8.98,88.83,9,0
ECE,F,0,0,0,0,78.85,8.26,97,9.7,95,10,1
ECE,F,0,0,1,3,67.25,7.1,72,7.2,81,8.5,1
ECE,F,0,0,1,5,62.25,6.6,82.5,8.25,97,10,0
ECE,F,0,0,0,3,66.95,7.07,83,8.3,80.63,8.2,0
ECE,M,0,0,4,8,54.35,5.81,77,7.7,77,8.1,0
ECE,M,0,0,4,11,59.55,6.33,82,8.2,87,9.1,0
ECE,F,0,0,0,0,77.05,8.08,73,7.3,76,8,1
ECE,F,0,0,0,1,72.95,7.67,9.4,0.94,92,9.2,1
ECE,M,0,0,6,11,55.45,5.92,74,7.4,84,8.4,0
ECE,F,0,0,0,1,72.25,7.6,88,8.8,88,8.8,1
ECE,F,0,0,2,9,63.25,6.7,83,8.3,76,8,0
ECE,F,0,0,0,3,69.75,7.35,72,7.2,88,8.8,0
ECE,F,0,0,0,0,82.15,8.59,92.83,9.28,100,10,1
ECE,F,0,0,0,1,72.65,7.64,84,8.4,82,8.2,0
ECE,F,0,0,4,6,62.85,6.66,86,8.6,85,8.5,0
ECE,M,0,0,0,0,79.47,8.32,80,8,78,7.8,1
ECE,F,0,0,0,1,80.05,8.38,70.6,7.06,77.9,8.2,1
ECE,F,0,0,0,0,70.55,7.43,89.25,8.93,100,10,1
ECE,F,0,0,0,1,82.35,8.61,86.58,8.66,95.5,10,1
ECE,F,0,0,0,0,84.05,8.78,96.8,9.68,91.2,9.6,1
ECE,M,0,0,0,3,69.85,7.36,85,8.5,87.4,9,0
ECE,F,0,0,0,6,69.25,7.3,83.5,8.35,83,8.8,0
ECE,F,0,0,0,0,84.25,8.8,96,9.6,100,10,1
ECE,F,0,0,0,0,73.85,7.76,88.2,8.82,95,9.5,1
ECE,M,0,0,1,5,63.55,6.73,82,8.2,91,9.1,0
ECE,M,0,0,1,6,63.95,6.77,84.6,8.46,84,8.4,0
ECE,F,0,0,0,4,70.05,7.38,70.02,7,94,9.4,0
ECE,M,0,0,1,3,60.65,6.44,91.41,9.14,90,9,0
EEE,M,0,0,0,0,68.55,7.23,77.4,7.74,96,9.6,1
EEE,M,0,0,0,0,76.15,7.99,77.4,7.74,79.8,8.4,1
EEE,F,0,0,2,6,66.05,6.98,67,6.7,92,9.5,0
EEE,F,0,0,1,2,67.35,7.11,85,8.5,86,8.8,1
EEE,M,0,0,0,0,82.85,8.66,81.8,8.18,86,8.6,0
EEE,M,0,0,1,3,65.25,6.9,84,8.4,84,8.4,0
EEE,F,0,0,0,0,71.95,7.57,89,8.9,89,8.9,1
EEE,F,0,0,0,0,67.45,7.12,89,8.9,72,7.2,1
EEE,M,0,0,1,1,61.05,6.48,79.44,7.94,80,8,1
EEE,F,0,0,0,4,68.95,7.27,84,8.4,84,8.4,0
EEE,F,0,0,5,3,59.25,6.3,8.2,0.82,88,8.8,0
EEE,M,0,0,3,11,56.25,6,77.8,7.78,86,8.6,0
EEE,F,0,0,0,0,75.05,7.88,83,8.3,93,9.6,1
EEE,M,0,0,0,2,66.85,7.06,75.4,7.54,78,7.8,1
IT,M,0,0,0,4,65.25,6.9,91,9.1,80,8.4,0
IT,F,0,0,0,0,81.25,8.5,90,9,95,10,1
IT,F,0,0,0,0,65.05,6.88,71,7.1,80,8,1
IT,F,0,0,0,0,76.45,8.02,90.2,9.02,95,10,1
IT,F,0,0,3,7,56.25,6,75,7.5,94,9.7,0
IT,F,0,0,0,3,70.15,7.39,85,8.5,100,10,0
IT,F,0,0,0,0,82.85,8.66,90.4,9.04,93.1,9.8,1
IT,F,0,0,2,7,60.75,6.45,75.5,7.55,82,8.6,0
IT,F,0,0,0,0,70.55,7.43,83,8.3,90,9,1
IT,F,0,0,0,0,64.55,6.83,81.5,8.15,80,8,0
IT,F,0,0,0,0,72.95,7.67,85,8.5,94,9.4,1
IT,F,0,0,0,5,66.85,7.06,82,8.2,80,8.6,0
IT,M,0,0,0,0,72.15,7.59,78,7.8,83,8.7,1
IT,F,0,0,0,2,69.45,7.32,79.4,7.94,79.8,8.4,1
IT,F,0,0,0,1,74.65,7.84,93,9.3,90,9.4,1
IT,F,0,0,0,0,81.15,8.49,80.6,8.06,98,9.8,0
IT,F,0,0,1,2,68.25,7.2,91,9.1,96,10,1
IT,F,0,0,1,1,63.75,6.75,82,8.2,93,9.7,1
IT,F,0,0,0,0,77.75,8.15,73.6,7.36,85.5,8.8,0
IT,F,0,0,0,0,77.05,8.08,89,8.9,96,9.6,1
IT,F,0,0,1,4,60.85,6.46,76,7.6,94,9.8,1
IT,F,0,0,2,4,54.25,5.8,74,7.4,86.67,8.9,1
IT,M,0,0,2,7,61.25,6.5,70,7,94,9.4,0
IT,F,0,0,3,7,56.25,6,78,7.8,76,7.9,0
IT,F,0,0,0,0,66.45,7.02,77.9,7.79,86,8.6,0
IT,F,0,0,0,1,71.05,7.48,74,7.4,88,8.8,1
IT,M,0,0,1,6,61.25,6.5,85,8.5,81,8.1,0
ME,M,0,0,0,0,79.25,8.3,94,9.4,90,9,1
ME,M,0,0,0,0,74.75,7.85,93.17,9.32,87.5,8.75,0
ME,M,0,0,0,0,79.35,8.31,93.8,9.38,93,9.3,0
ME,M,0,0,0,1,70.85,7.46,92,9.2,91,9.1,1
ME,M,0,0,0,1,65.75,6.95,84.6,8.46,92.16,9.22,1
ME,M,0,0,0,0,79.55,8.33,90.8,9.08,95,10,1
ME,M,0,0,0,0,69.35,7.31,80,8,80.6,8.5,1
ME,M,0,0,0,0,70.65,7.44,88,8.8,90,9.3,0
ME,M,0,0,2,3,68,7.18,92.92,9.29,99,10,0
ME,M,0,0,0,0,78.25,8.2,88.6,8.86,96,9.6,1
ME,M,0,0,0,0,72.03,7.58,73.4,7.34,81.7,8.5,0
ME,M,0,0,1,5,64.85,6.86,93.75,9.38,87.4,9.2,0
ME,M,0,0,0,0,72.75,7.65,86.9,8.69,70.8,7.4,0
ME,M,0,0,0,0,77.25,8.1,97,9.7,93.1,9.31,1
ME,M,0,0,0,4,65.85,6.96,87,8.7,93.1,9.31,0
ME,M,0,0,0,0,75.25,7.9,83,8.3,86,8.6,1
ME,M,0,0,0,3,70.75,7.45,84.8,8.48,85.5,8.55,0
ME,M,0,0,0,0,73.25,7.7,66.6,6.66,93.1,9.8,0
ME-AUE,M,0,0,0,2,66.25,7,80,8,93,9.3,1
ME-AUE,M,0,0,1,5,63.25,6.7,76,7.6,81,8.1,0
EEE,F,0,0,0,0,83.25,8.7,92.58,9.26,87.66,8.77,0
EEE,F,0,0,0,0,86.15,8.99,94,9.4,89,8.9,0
ME,M,0,0,0,0,81.95,8.57,9.6,0.96,96,9.6,1
EEE,F,0,0,0,0,84.25,8.8,92.33,9.23,96,9.6,1
EEE,F,0,0,0,0,71.25,7.5,94.58,9.46,94,9.4,0
EEE,M,0,0,0,1,71.25,7.5,74,7.4,94,9.4,1
EEE,M,0,0,2,5,63.25,6.7,81,8.1,72,7.2,0
EEE,M,0,0,2,5,64.25,6.8,75.4,7.54,74,7.4,1
EEE,M,0,0,0,0,73.25,7.7,79.8,7.98,82,8.2,1
ECE,F,0,0,0,0,88.25,9.2,89.8,8.98,94,9.4,0
EEE,F,0,0,1,1,66.25,7,80,8,75,7.5,0
ME,M,0,0,0,0,82.25,8.6,91.36,9.14,88,8.8,1
CSE,M,0,0,5,9,58.25,6.2,77,7.7,82,8.2,0
CSE,M,0,0,2,9,63.25,6.7,89,8.9,98,9.8,0
CSE,M,0,0,10,15,47.25,5.1,82,8.2,80,8,0
CSE,M,0,0,2,7,55.85,5.96,85,8.5,90,9,1
EEE,F,0,0,0,1,73.15,7.69,76,7.6,89.3,8.93,1
CSE,M,0,0,3,11,57.25,6.1,76,7.6,76,7.6,0
CSE,M,0,0,0,9,55.25,5.9,71.2,7.12,96,9.6,0
EEE,F,0,0,0,0,84.75,8.85,92.25,9.23,93.5,9.84,0
EEE,F,0,0,0,3,63.85,6.76,67.4,6.74,87.4,9.2,1
EEE,M,0,0,0,9,65.45,6.92,66,6.6,88,8.8,0
M.Tech CSE,F,0,0,0,0,0,0,0,0,0,0,1
ECE,M,0,0,6,9,51.2,5.5,65.2,6.52,79.8,8.4,0
